{"accuracy": [0.5204780101776123, 0.8322924971580505, 0.9027384519577026, 0.9307347536087036, 0.9498399496078491, 0.9589444398880005, 0.9682480692863464, 0.9722597599029541, 0.9764421582221985, 0.9789743423461914], "loss": [1.6381468772888184, 0.5349858403205872, 0.30752745270729065, 0.21298791468143463, 0.1547398716211319, 0.12731841206550598, 0.09758520871400833, 0.08599788695573807, 0.07157464325428009, 0.06476867944002151], "val_accuracy": [0.7943887710571289, 0.8921579718589783, 0.9328477382659912, 0.9444571137428284, 0.9557819366455078, 0.956009566783905, 0.9643182158470154, 0.9632369875907898, 0.9679604172706604, 0.9694400429725647], "val_loss": [0.6436493396759033, 0.34646347165107727, 0.2139987349510193, 0.16883154213428497, 0.13329410552978516, 0.1384589970111847, 0.11366846412420273, 0.11166973412036896, 0.11315465718507767, 0.10722411423921585]}